{
	"app": {
		"canvas_size": [
			1920,
			1080
		]
	},
	"surfaces": [
		{
			"color": "#4488FF",
			"corners": {
				"bl": [
					1598.25341796875,
					880.674865722656
				],
				"br": [
					1654.05688476562,
					866.24365234375
				],
				"tl": [
					1603.96728515625,
					744.772094726562
				],
				"tr": [
					1658.73999023438,
					712.066772460938
				]
			},
			"grid_on": true,
			"id": "default-1",
			"label": "Surface 1",
			"locked": false,
			"visible": true,
			"z_index": 0
		}
	],
	"version": 1
}