{
	"app": {
		"canvas_size": [
			1920,
			1080
		]
	},
	"surfaces": [
		{
			"color": "#4488FF",
			"corners": {
				"bl": [
					1644.25341796875,
					919.674865722656
				],
				"br": [
					1700.05688476562,
					905.24365234375
				],
				"tl": [
					1649.96728515625,
					783.772094726562
				],
				"tr": [
					1704.73999023438,
					751.066772460938
				]
			},
			"grid_on": true,
			"id": "default-1",
			"label": "Surface 1",
			"locked": false,
			"visible": true,
			"z_index": 0
		},
		{
			"color": "#4488FF",
			"corners": {
				"bl": [
					283.0,
					904.0
				],
				"br": [
					683.0,
					904.0
				],
				"tl": [
					283.0,
					604.0
				],
				"tr": [
					648.0,
					546.0
				]
			},
			"grid_on": false,
			"id": "19d51ca12d32399",
			"label": "Surface 2",
			"locked": false,
			"visible": true,
			"z_index": 1
		}
	],
	"version": 1
}